{
    "prc": [
        {
            "precision": 0.0258074252942952,
            "recall": 1.0,
            "threshold": 0
        },
        {
            "precision": 0.12713310580204779,
            "recall": 0.8713450292397661,
            "threshold": 1
        }
    ]
}