{
    "prc": [
        {
            "precision": 0.0258074252942952,
            "recall": 1.0,
            "threshold": 0
        },
        {
            "precision": 0.2753623188405797,
            "recall": 0.6666666666666666,
            "threshold": 1
        }
    ]
}