{
    "prc": [
        {
            "precision": 0.0258074252942952,
            "recall": 1.0,
            "threshold": 0
        },
        {
            "precision": 0.5227272727272727,
            "recall": 0.26900584795321636,
            "threshold": 1
        }
    ]
}