{
    "train_score": 100.0,
    "test_score": 97.47962571687292,
    "roc_auc": 0.9664021271873202,
    "Logistic Accuracy": 0.9747962571687292
}