{
    "train_score": 85.3182389937107,
    "test_score": 84.22879565348626,
    "roc_auc": 0.9184466459202486,
    "Logistic Accuracy": 0.8422879565348627
}