{
    "train_score": 94.81257861635221,
    "test_score": 94.61213401750679,
    "roc_auc": 0.9115948922137515,
    "Logistic Accuracy": 0.9461213401750679
}